{
	"description": "项目配置文件。",
	"packOptions": {
		"ignore": []
	},
	"setting": {
		"urlCheck": false,
		"es6": true,
		"postcss": true,
		"minified": true,
		"newFeature": true
	},
	"compileType": "miniprogram",
	"libVersion": "1.9.98",
	"appid": "wx98dbbc5d153bdf86",
	"projectname": "yagao-g",
	"isGameTourist": false,
	"condition": {
		"search": {
			"current": -1,
			"list": []
		},
		"conversation": {
			"current": -1,
			"list": []
		},
		"plugin": {
			"current": -1,
			"list": []
		},
		"game": {
			"currentL": -1,
			"list": []
		},
		"miniprogram": {
			"current": 1,
			"list": [
				{
					"id": 0,
					"name": "invoice",
					"pathName": "pages/invoice/invoice",
					"query": ""
				},
				{
					"id": 1,
					"name": "video",
					"pathName": "pages/video/video",
					"query": ""
				},
				{
					"id": 2,
					"name": "spell-group",
					"pathName": "pages/spell-group/spell-group",
					"query": ""
				},
				{
					"id": 3,
					"name": "timeBuy",
					"pathName": "pages/timeBuy/timeBuy",
					"query": ""
				},
				{
					"id": 4,
					"name": "mySpell",
					"pathName": "pages/my-spell/my-spell",
					"query": ""
				},
				{
					"id": -1,
					"name": "me",
					"pathName": "pages/me/me",
					"query": ""
				}
			]
		}
	}
}